{
  "minecraft:recipes/decorations/crafting_table": {
    "criteria": {
      "unlock_right_away": "2024-06-20 04:51:34 +0000"
    },
    "done": true
  },
  "minecraft:adventure/adventuring_time": {
    "criteria": {
      "minecraft:frozen_ocean": "2024-06-20 04:52:32 +0000",
      "minecraft:frozen_river": "2024-06-20 04:52:23 +0000",
      "minecraft:snowy_plains": "2024-06-20 04:51:35 +0000",
      "minecraft:snowy_beach": "2024-06-20 04:52:31 +0000"
    },
    "done": false
  },
  "DataVersion": 3839
}